SMILES,Predicted Adsorption Energy
CCCC(=O)[O-],-280.42776127999997
CCCS(=O)(=O)[O-],-235.50511194799998
CCCC(=O)NO,-95.15313612899999
CCCCOP(=O)(O)O,-215.05549240200003
